INSERT INTO PAYS ( ID_PAYS, NOM ) VALUES ( 'AR', 'Argentina'); 
INSERT INTO PAYS ( ID_PAYS, NOM ) VALUES ( 'AU', 'Australia'); 
INSERT INTO PAYS ( ID_PAYS, NOM ) VALUES ( 'BE', 'Belgium'); 
INSERT INTO PAYS ( ID_PAYS, NOM ) VALUES ( 'BR', 'Brazil'); 
INSERT INTO PAYS ( ID_PAYS, NOM ) VALUES ( 'CA', 'Canada'); 
INSERT INTO PAYS ( ID_PAYS, NOM ) VALUES ( 'CH', 'Switzerland'); 
INSERT INTO PAYS ( ID_PAYS, NOM ) VALUES ( 'CN', 'China'); 
INSERT INTO PAYS ( ID_PAYS, NOM ) VALUES ( 'DE', 'Germany'); 
INSERT INTO PAYS ( ID_PAYS, NOM ) VALUES ( 'DK', 'Denmark'); 
INSERT INTO PAYS ( ID_PAYS, NOM ) VALUES ( 'EG', 'Egypt'); 
INSERT INTO PAYS ( ID_PAYS, NOM ) VALUES ( 'FR', 'France'); 
INSERT INTO PAYS ( ID_PAYS, NOM ) VALUES ( 'HK', 'HongKong'); 
INSERT INTO PAYS ( ID_PAYS, NOM ) VALUES ( 'IL', 'Israel'); 
INSERT INTO PAYS ( ID_PAYS, NOM ) VALUES ( 'IN', 'India'); 
INSERT INTO PAYS ( ID_PAYS, NOM ) VALUES ( 'IR', 'Ireland'); 
INSERT INTO PAYS ( ID_PAYS, NOM ) VALUES ( 'IT', 'Italy'); 
INSERT INTO PAYS ( ID_PAYS, NOM ) VALUES ( 'JP', 'Japan'); 
INSERT INTO PAYS ( ID_PAYS, NOM ) VALUES ( 'KW', 'Kuwait'); 
INSERT INTO PAYS ( ID_PAYS, NOM ) VALUES ( 'MX', 'Mexico'); 
INSERT INTO PAYS ( ID_PAYS, NOM ) VALUES ( 'NG', 'Nigeria'); 
INSERT INTO PAYS ( ID_PAYS, NOM ) VALUES ( 'NL', 'Netherlands'); 
INSERT INTO PAYS ( ID_PAYS, NOM ) VALUES ( 'SG', 'Singapore'); 
INSERT INTO PAYS ( ID_PAYS, NOM ) VALUES ( 'UK', 'United Kingdom'); 
INSERT INTO PAYS ( ID_PAYS, NOM ) VALUES ( 'US', 'United States of America'); 
INSERT INTO PAYS ( ID_PAYS, NOM ) VALUES ( 'ZM', 'Zambia'); 
INSERT INTO PAYS ( ID_PAYS, NOM ) VALUES ( 'ZW', 'Zimbabwe'); 
COMMIT;

INSERT INTO VILLES ( ID_VILLE, ID_PAYS, NOM, CP ) VALUES ( 'FR54NAN', 'FR', 'Nancy','54000'); 
INSERT INTO VILLES ( ID_VILLE, ID_PAYS, NOM, CP ) VALUES ( 'FR71CSS', 'FR', 'Chalon-sur-Saône','71100'); 
INSERT INTO VILLES ( ID_VILLE, ID_PAYS, NOM, CP ) VALUES ( 'FR21DIJ', 'FR', 'Dijon','21000');
INSERT INTO VILLES ( ID_VILLE, ID_PAYS, NOM, CP ) VALUES ( 'IRD1DUB', 'IR', 'Dublin','D1');
INSERT INTO VILLES ( ID_VILLE, ID_PAYS, NOM, CP ) VALUES ( 'IRD8DUB', 'IR', 'Dublin','D8');
COMMIT;

INSERT INTO COULEURS ( ID_COULEUR, NOM ) VALUES ( 0000, 'NOIR');
INSERT INTO COULEURS ( ID_COULEUR, NOM ) VALUES ( 0001, 'BLANC');
INSERT INTO COULEURS ( ID_COULEUR, NOM ) VALUES ( 0002, 'GRIS');
INSERT INTO COULEURS ( ID_COULEUR, NOM ) VALUES ( 0003, 'BLEU');
INSERT INTO COULEURS ( ID_COULEUR, NOM ) VALUES ( 0004, 'ROUGE');
INSERT INTO COULEURS ( ID_COULEUR, NOM ) VALUES ( 0005, 'VERT');
COMMIT;

INSERT INTO CATEGORIES ( ID_CATEGORIE, NOM, CAPACITE, TYPE_PERMIS, PRIX_ASSURANCE ) 
	VALUES ( 1, 'CITADINE', 5, 'B', 25);
INSERT INTO CATEGORIES ( ID_CATEGORIE, NOM, CAPACITE, TYPE_PERMIS, PRIX_ASSURANCE ) 
	VALUES ( 2, 'BERLINE', 5, 'B', 30);
INSERT INTO CATEGORIES ( ID_CATEGORIE, NOM, CAPACITE, TYPE_PERMIS, PRIX_ASSURANCE ) 
	VALUES ( 3, 'UTILITAIRE', 5, 'B', 30);
COMMIT;

INSERT INTO MARQUES ( ID_MARQUE, NOM ) VALUES ( 'RNLT', 'RENAULT');
INSERT INTO MARQUES ( ID_MARQUE, NOM ) VALUES ( 'PGT', 'PEUGEOT');
INSERT INTO MARQUES ( ID_MARQUE, NOM ) VALUES ( 'VW', 'VOLKSWAGEN');
INSERT INTO MARQUES ( ID_MARQUE, NOM ) VALUES ( 'CTRN', 'CITROEN');
INSERT INTO MARQUES ( ID_MARQUE, NOM ) VALUES ( 'FIAT', 'FIAT');
INSERT INTO MARQUES ( ID_MARQUE, NOM ) VALUES ( 'FORD', 'FORD');
INSERT INTO MARQUES ( ID_MARQUE, NOM ) VALUES ( 'TOY', 'TOYOTA');
INSERT INTO MARQUES ( ID_MARQUE, NOM ) VALUES ( 'NSN', 'NISSAN');
INSERT INTO MARQUES ( ID_MARQUE, NOM ) VALUES ( 'AUDI', 'AUDI');
INSERT INTO MARQUES ( ID_MARQUE, NOM ) VALUES ( 'MRCDS', 'MERCEDES');
INSERT INTO MARQUES ( ID_MARQUE, NOM ) VALUES ( 'BMW', 'BMW');
COMMIT;

INSERT INTO MODELES ( ID_MODELE, ID_MARQUE, ID_CATEGORIE, NOM) VALUES ( 01, 'RNLT', 0001, 'CLIO' );
INSERT INTO MODELES ( ID_MODELE, ID_MARQUE, ID_CATEGORIE, NOM) VALUES ( 02, 'PGT', 0001, '306' );
INSERT INTO MODELES ( ID_MODELE, ID_MARQUE, ID_CATEGORIE, NOM) VALUES ( 03, 'PGT', 0002, '508' );
INSERT INTO MODELES ( ID_MODELE, ID_MARQUE, ID_CATEGORIE, NOM) VALUES ( 04, 'AUDI', 0002, 'A4' );
INSERT INTO MODELES ( ID_MODELE, ID_MARQUE, ID_CATEGORIE, NOM) VALUES ( 05, 'AUDI', 0001, 'A1' );
INSERT INTO MODELES ( ID_MODELE, ID_MARQUE, ID_CATEGORIE, NOM) VALUES ( 06, 'RNLT', 0003, 'TRAFIC' );
COMMIT;

INSERT INTO AGENCES ( ID_AGENCE, ID_VILLE, ADRESSE, NUM_TELEPHONE, NOM_RESPONSABLE) VALUES ( 0001, 'FR54NAN', 'Place Stanislas', '0387654321', 'FRIEH' );
INSERT INTO AGENCES ( ID_AGENCE, ID_VILLE, ADRESSE, NUM_TELEPHONE, NOM_RESPONSABLE) VALUES ( 0002, 'IRD8DUB', 'Merrion Square', '0312345678', 'VILAS' );
INSERT INTO AGENCES ( ID_AGENCE, ID_VILLE, ADRESSE, NUM_TELEPHONE, NOM_RESPONSABLE) VALUES ( 0003, 'FR71CSS', 'Place Général de Gaulle', '0385234884', 'MARET' );
COMMIT;

INSERT INTO VEHICULES ( NUM_IMMATRICULATION, ID_MODELE, ID_COULEUR, ID_AGENCE, DATE_ACHAT, KM_PARCOURUS) VALUES ( 'AM371RR', 02, 0000, 0002, TO_Date( '09/13/2012 12:00:00 AM', 'MM/DD/YYYY HH:MI:SS AM'), 50000 );
INSERT INTO VEHICULES ( NUM_IMMATRICULATION, ID_MODELE, ID_COULEUR, ID_AGENCE, DATE_ACHAT, KM_PARCOURUS) VALUES ( 'AM372RR', 04, 0004, 0001, TO_Date( '06/15/2013 12:00:00 AM', 'MM/DD/YYYY HH:MI:SS AM'), 45000 );
INSERT INTO VEHICULES ( NUM_IMMATRICULATION, ID_MODELE, ID_COULEUR, ID_AGENCE, DATE_ACHAT, KM_PARCOURUS) VALUES ( 'AM472RR', 06, 0003, 0003, TO_Date( '07/15/2013 12:00:00 AM', 'MM/DD/YYYY HH:MI:SS AM'), 80000 );
COMMIT;

INSERT INTO TARIFS (ID_TARIF, ID_CATEGORIE, NOM, PRIX_JOUR, PRIX_FORFAIT, KM_AUTORISES, PRIX_KM) VALUES (1, 1, 'STANDARD_CITADINE', 40, 240, 0, 0.35 );
INSERT INTO TARIFS (ID_TARIF, ID_CATEGORIE, NOM, PRIX_JOUR, PRIX_FORFAIT, KM_AUTORISES, PRIX_KM) VALUES (2, 2, 'STANDARD_BERLINE', 50, 300, 0, 0.50 );
INSERT INTO TARIFS (ID_TARIF, ID_CATEGORIE, NOM, PRIX_JOUR, PRIX_FORFAIT, KM_AUTORISES, PRIX_KM) VALUES (3, 3, 'STANDARD_UTILITAIRE', 45, 270, 0, 0.45 );
INSERT INTO TARIFS (ID_TARIF, ID_CATEGORIE, NOM, PRIX_JOUR, PRIX_FORFAIT, KM_AUTORISES, PRIX_KM) VALUES (4, 1, 'WE_500_CITADINE', 40, 60, 500, 0.45 );
INSERT INTO TARIFS (ID_TARIF, ID_CATEGORIE, NOM, PRIX_JOUR, PRIX_FORFAIT, KM_AUTORISES, PRIX_KM) VALUES (5, 2, 'WE_500_BERLINE', 50, 70, 500, 0.45 );
INSERT INTO TARIFS (ID_TARIF, ID_CATEGORIE, NOM, PRIX_JOUR, PRIX_FORFAIT, KM_AUTORISES, PRIX_KM) VALUES (6, 3, 'WE_500_UTILITAIRE', 45, 80, 500, 0.45 );
INSERT INTO TARIFS (ID_TARIF, ID_CATEGORIE, NOM, PRIX_JOUR, PRIX_FORFAIT, KM_AUTORISES, PRIX_KM) VALUES (7, 1, 'WE_800_CITADINE', 40, 80, 800, 0.45 );
INSERT INTO TARIFS (ID_TARIF, ID_CATEGORIE, NOM, PRIX_JOUR, PRIX_FORFAIT, KM_AUTORISES, PRIX_KM) VALUES (8, 2, 'WE_800_BERLINE', 50, 90, 800, 0.45 );
INSERT INTO TARIFS (ID_TARIF, ID_CATEGORIE, NOM, PRIX_JOUR, PRIX_FORFAIT, KM_AUTORISES, PRIX_KM) VALUES (9, 3, 'WE_800_UTILITAIRE', 45, 100, 800, 0.45 );
COMMIT;

INSERT INTO CLIENTS (ID_CLIENT, ID_VILLE, NOM, PRENOM, ADRESSE) VALUES (1, 'FR54NAN', 'FRIEH', 'REMI', '14 les chataigners');
INSERT INTO CLIENTS (ID_CLIENT, ID_VILLE, NOM, PRENOM, ADRESSE) VALUES (2, 'FR71CSS', 'VILAS', 'ANNE', '47 rue Gal GIRAUD');
COMMIT;

INSERT INTO DOSSIERS (ID_DOSSIER, ID_CLIENT, ID_AGENCE_RESERVATION, ID_AGENCE_RETRAIT, ID_AGENCE_RETOUR, NUM_IMMATRICULATION, ID_TARIF, DATE_RETRAIT, DATE_RETOUR_PREVU, DATE_RETOUR_EFFECTIF, KM_DEPART, KM_ARRIVEE, ASSURANCE_PRISE) 
	VALUES (1, 1, 1, 1, 1, 'AM372RR', 2, TO_Date( '11/10/2013', 'MM/DD/YYYY'), TO_Date( '11/13/2013', 'MM/DD/YYYY'), TO_Date( '12/13/2013', 'MM/DD/YYYY'), 24990, 25500, 'O' );
INSERT INTO DOSSIERS (ID_DOSSIER, ID_CLIENT, ID_AGENCE_RESERVATION, ID_AGENCE_RETRAIT, ID_AGENCE_RETOUR, NUM_IMMATRICULATION, ID_TARIF, DATE_RETRAIT, DATE_RETOUR_PREVU, DATE_RETOUR_EFFECTIF, KM_DEPART, KM_ARRIVEE, ASSURANCE_PRISE) 
	VALUES (2, 2, 3, 3, 3, 'AM472RR', 3, TO_Date( '11/10/2013', 'MM/DD/YYYY'), TO_Date( '11/13/2013', 'MM/DD/YYYY'), TO_Date( '12/13/2013', 'MM/DD/YYYY'), 29000, 30000, 'O' );

